user_id,date,app_name,app_category,minutes_used,notifications,context_switches,focus_minutes,focus_rating,focus_efficiency,distraction_intensity,focus_rating_norm,rolling_focus_7d
U0001,2025-01-01,Spotify,Entertainment,85.8,1,3,132,4,1.52074,0.0225564,0.8,132
U0001,2025-01-01,YouTube,Entertainment,50.6,3,0,132,5,2.55814,0,1,132
U0001,2025-01-01,Instagram,Social,29.1,4,2,132,4.5,4.38538,0.0150376,0.9,132
U0001,2025-01-01,Chrome,Productivity,46.2,0,2,132,4.5,2.79661,0.0150376,0.9,132
U0001,2025-01-01,WhatsApp,Social,3.9,4,5,132,3.3,26.9388,0.037594,0.66,132
U0001,2025-01-01,Gmail,Productivity,19.3,2,7,132,1.8,6.50246,0.0526316,0.36,132
U0001,2025-01-02,WhatsApp,Social,80.1,7,1,38,3.9,0.468557,0.025641,0.78,118.571
U0001,2025-01-02,Gmail,Productivity,13,1,2,38,4,2.71429,0.0512821,0.8,105.143
U0001,2025-01-02,YouTube,Entertainment,34.9,2,3,38,3.8,1.0585,0.0769231,0.76,91.7143
U0001,2025-01-02,Spotify,Entertainment,30.2,4,5,38,2.8,1.21795,0.128205,0.56,78.2857
U0001,2025-01-02,Chrome,Productivity,81.8,2,2,38,3.8,0.458937,0.0512821,0.76,64.8571
U0001,2025-01-02,Instagram,Social,29.9,1,4,38,3,1.22977,0.102564,0.6,51.4286
U0001,2025-01-03,YouTube,Entertainment,163.8,2,3,189,4.4,1.14684,0.0157895,0.88,59.5714
U0001,2025-01-03,Instagram,Social,23.7,7,0,189,5,7.65182,0,1,81.1429
U0001,2025-01-03,Chrome,Productivity,74.5,1,3,189,3.4,2.50331,0.0157895,0.68,102.714
U0001,2025-01-03,Gmail,Productivity,88.7,5,3,189,3.9,2.10702,0.0157895,0.78,124.286
U0001,2025-01-03,Spotify,Entertainment,34.5,3,3,189,3.1,5.32394,0.0157895,0.62,145.857
U0001,2025-01-03,WhatsApp,Social,69.5,5,3,189,4.7,2.68085,0.0157895,0.94,167.429
U0001,2025-01-04,Instagram,Social,25.5,5,4,223,2.7,8.41509,0.0178571,0.54,193.857
U0001,2025-01-04,Spotify,Entertainment,62,2,8,223,1.9,3.53968,0.0357143,0.38,198.714
U0001,2025-01-04,Gmail,Productivity,48.7,1,1,223,5,4.48692,0.00446429,1,203.571
U0001,2025-01-04,YouTube,Entertainment,24.4,5,3,223,3.3,8.77953,0.0133929,0.66,208.429
U0001,2025-01-04,WhatsApp,Social,59.1,3,6,223,2.4,3.71048,0.0267857,0.48,213.286
U0001,2025-01-04,Chrome,Productivity,73.8,4,3,223,4,2.98128,0.0133929,0.8,218.143
U0001,2025-01-05,YouTube,Entertainment,60.5,1,2,154,4.1,2.50407,0.0129032,0.82,213.143
U0001,2025-01-05,Chrome,Productivity,72.7,0,4,154,4.2,2.08955,0.0258065,0.84,203.286
U0001,2025-01-05,Spotify,Entertainment,31.1,1,1,154,4.9,4.79751,0.00645161,0.98,193.429
U0001,2025-01-05,Gmail,Productivity,63.5,2,3,154,3.8,2.3876,0.0193548,0.76,183.571
U0001,2025-01-05,WhatsApp,Social,30.5,3,2,154,4.1,4.88889,0.0129032,0.82,173.714
U0001,2025-01-05,Instagram,Social,8.3,3,3,154,3.8,16.5591,0.0193548,0.76,163.857
U0001,2025-01-06,WhatsApp,Social,95.3,4,3,33,4,0.342679,0.0882353,0.8,136.714
U0001,2025-01-06,Chrome,Productivity,12.1,1,3,33,3.6,2.51908,0.0882353,0.72,119.429
U0001,2025-01-06,Spotify,Entertainment,227.1,1,2,33,4.4,0.144673,0.0588235,0.88,102.143
U0001,2025-01-06,Instagram,Social,69.6,11,2,33,3.9,0.467422,0.0588235,0.78,84.8571
U0001,2025-01-06,Gmail,Productivity,39.8,2,2,33,4,0.808824,0.0588235,0.8,67.5714
U0001,2025-01-06,YouTube,Entertainment,15.7,3,3,33,3.3,1.97605,0.0882353,0.66,50.2857
U0001,2025-01-07,Gmail,Productivity,79.2,0,6,210,3,2.61845,0.028436,0.6,58.2857
U0001,2025-01-07,Spotify,Entertainment,70.2,2,3,210,3.8,2.94944,0.014218,0.76,83.5714
U0001,2025-01-07,Instagram,Social,51.1,4,1,210,4.9,4.03071,0.00473934,0.98,108.857
U0001,2025-01-07,Chrome,Productivity,43.2,0,1,210,5,4.75113,0.00473934,1,134.143
U0001,2025-01-07,WhatsApp,Social,50.5,8,4,210,3.2,4.07767,0.0189573,0.64,159.429
U0001,2025-01-07,YouTube,Entertainment,96.9,0,2,210,4,2.14505,0.00947867,0.8,184.714
U0001,2025-01-08,Instagram,Social,49,2,2,41,3.5,0.82,0.047619,0.7,185.857
U0001,2025-01-08,Gmail,Productivity,21.2,2,1,41,2.9,1.84685,0.0238095,0.58,161.714
U0001,2025-01-08,WhatsApp,Social,11.2,2,4,41,3.5,3.36066,0.0952381,0.7,137.571
U0001,2025-01-08,Spotify,Entertainment,127.5,4,1,41,4.2,0.319066,0.0238095,0.84,113.429
U0001,2025-01-08,Chrome,Productivity,81.6,4,4,41,3.6,0.496368,0.0952381,0.72,89.2857
U0001,2025-01-08,YouTube,Entertainment,28.9,1,1,41,4.3,1.37124,0.0238095,0.86,65.1429
U0001,2025-01-09,Gmail,Productivity,4.9,0,2,288,4.1,48.8136,0.00692042,0.82,76.2857
U0001,2025-01-09,WhatsApp,Social,71.3,6,1,288,4,3.9834,0.00346021,0.8,111.571
U0001,2025-01-09,Chrome,Productivity,59.3,3,1,288,4.3,4.77612,0.00346021,0.86,146.857
U0001,2025-01-09,YouTube,Entertainment,101.3,3,4,288,3.4,2.81525,0.0138408,0.68,182.143
U0001,2025-01-09,Spotify,Entertainment,23.9,0,2,288,4.2,11.5663,0.00692042,0.84,217.429
U0001,2025-01-09,Instagram,Social,35.9,6,4,288,2.5,7.80488,0.0138408,0.5,252.714
U0001,2025-01-10,Chrome,Productivity,112.1,2,4,286,3.1,2.52874,0.0139373,0.62,287.714
U0001,2025-01-10,Gmail,Productivity,47.8,5,5,286,3.1,5.86066,0.0174216,0.62,287.429
U0001,2025-01-10,Instagram,Social,37.1,8,1,286,5,7.50656,0.00348432,1,287.143
U0001,2025-01-10,Spotify,Entertainment,15.8,1,1,286,5,17.0238,0.00348432,1,286.857
U0001,2025-01-10,WhatsApp,Social,62.6,4,4,286,3.6,4.49686,0.0139373,0.72,286.571
U0001,2025-01-10,YouTube,Entertainment,58.7,0,3,286,3.4,4.79062,0.010453,0.68,286.286
U0001,2025-01-11,Gmail,Productivity,32.2,3,3,30,4.6,0.903614,0.0967742,0.92,249.429
U0001,2025-01-11,WhatsApp,Social,46,4,2,30,4.4,0.638298,0.0645161,0.88,212.857
U0001,2025-01-11,YouTube,Entertainment,69.8,3,4,30,3.5,0.423729,0.129032,0.7,176.286
U0001,2025-01-11,Chrome,Productivity,32.1,3,4,30,3.4,0.906344,0.129032,0.68,139.714
U0001,2025-01-11,Spotify,Entertainment,113.8,4,3,30,4,0.261324,0.0967742,0.8,103.143
U0001,2025-01-11,Instagram,Social,115.6,4,1,30,4.3,0.25729,0.0322581,0.86,66.5714
U0001,2025-01-12,Spotify,Entertainment,30.9,2,2,152,4.9,4.76489,0.0130719,0.98,47.4286
U0001,2025-01-12,Instagram,Social,56.3,4,4,152,3.4,2.6527,0.0261438,0.68,64.8571
U0001,2025-01-12,Gmail,Productivity,26,2,6,152,2.8,5.62963,0.0392157,0.56,82.2857
U0001,2025-01-12,YouTube,Entertainment,39.5,4,2,152,4.6,3.75309,0.0130719,0.92,99.7143
U0001,2025-01-12,Chrome,Productivity,66.3,0,1,152,4.4,2.25854,0.00653595,0.88,117.143
U0001,2025-01-12,WhatsApp,Social,49.9,4,2,152,4.8,2.98625,0.0130719,0.96,134.571
U0001,2025-01-13,Chrome,Productivity,118.1,1,1,209,4.2,1.75483,0.0047619,0.84,160.143
U0001,2025-01-13,YouTube,Entertainment,38.7,2,3,209,5,5.26448,0.0142857,1,168.286
U0001,2025-01-13,Instagram,Social,12.1,4,3,209,3.4,15.9542,0.0142857,0.68,176.429
U0001,2025-01-13,WhatsApp,Social,18.2,6,4,209,2.8,10.8854,0.0190476,0.56,184.571
U0001,2025-01-13,Spotify,Entertainment,25.2,0,2,209,3.6,7.9771,0.00952381,0.72,192.714
U0001,2025-01-13,Gmail,Productivity,67.9,3,3,209,3,3.03338,0.0142857,0.6,200.857
U0001,2025-01-14,WhatsApp,Social,124,7,3,31,3.6,0.248,0.09375,0.72,183.571
U0001,2025-01-14,Chrome,Productivity,27,2,5,31,3.2,1.10714,0.15625,0.64,158.143
U0001,2025-01-14,Spotify,Entertainment,39.9,0,2,31,4.6,0.757946,0.0625,0.92,132.714
U0001,2025-01-14,Instagram,Social,118.8,4,5,31,3.1,0.258765,0.15625,0.62,107.286
U0001,2025-01-14,Gmail,Productivity,39.8,4,3,31,3.9,0.759804,0.09375,0.78,81.8571
U0001,2025-01-14,YouTube,Entertainment,20.5,1,5,31,2.5,1.44186,0.15625,0.5,56.4286
U0001,2025-01-15,WhatsApp,Social,64.3,9,2,230,4.4,3.52221,0.00865801,0.88,59.4286
U0001,2025-01-15,Chrome,Productivity,49.7,2,8,230,1.1,4.53649,0.034632,0.22,87.8571
U0001,2025-01-15,YouTube,Entertainment,61,2,2,230,4.2,3.70968,0.00865801,0.84,116.286
U0001,2025-01-15,Gmail,Productivity,7.7,3,1,230,4.6,26.4368,0.004329,0.92,144.714
U0001,2025-01-15,Spotify,Entertainment,59.8,0,3,230,4,3.78289,0.012987,0.8,173.143
U0001,2025-01-15,Instagram,Social,50.6,2,3,230,4,4.45736,0.012987,0.8,201.571
U0001,2025-01-16,Gmail,Productivity,58.7,1,3,125,3.6,2.0938,0.0238095,0.72,215
U0001,2025-01-16,Spotify,Entertainment,27.5,0,6,125,2.2,4.38596,0.047619,0.44,200
U0001,2025-01-16,Instagram,Social,82.9,10,2,125,3.5,1.48987,0.015873,0.7,185
U0001,2025-01-16,WhatsApp,Social,50.6,5,4,125,3.5,2.42248,0.031746,0.7,170
U0001,2025-01-16,YouTube,Entertainment,21.5,1,0,125,5,5.55556,0,1,155
U0001,2025-01-16,Chrome,Productivity,59.5,1,1,125,4.9,2.06612,0.00793651,0.98,140
U0001,2025-01-17,Chrome,Productivity,59.6,2,4,58,3.7,0.957096,0.0677966,0.74,115.429
U0001,2025-01-17,Instagram,Social,62.9,7,3,58,4.1,0.907668,0.0508475,0.82,105.857
U0001,2025-01-17,WhatsApp,Social,53,11,2,58,3.9,1.07407,0.0338983,0.78,96.2857
U0001,2025-01-17,YouTube,Entertainment,19,3,4,58,3.5,2.9,0.0677966,0.7,86.7143
U0001,2025-01-17,Spotify,Entertainment,143.3,0,6,58,2.7,0.40194,0.101695,0.54,77.1429
U0001,2025-01-17,Gmail,Productivity,56.5,2,3,58,4,1.0087,0.0508475,0.8,67.5714
U0001,2025-01-18,Chrome,Productivity,16.9,0,4,36,4.2,2.01117,0.108108,0.84,54.8571
U0001,2025-01-18,WhatsApp,Social,50.9,7,5,36,2.9,0.693642,0.135135,0.58,51.7143
U0001,2025-01-18,Spotify,Entertainment,104.2,1,2,36,3.5,0.342205,0.0540541,0.7,48.5714
U0001,2025-01-18,YouTube,Entertainment,87.5,3,3,36,4,0.40678,0.0810811,0.8,45.4286
U0001,2025-01-18,Instagram,Social,29.6,4,3,36,3.8,1.17647,0.0810811,0.76,42.2857
U0001,2025-01-18,Gmail,Productivity,39.9,5,4,36,2.8,0.880196,0.108108,0.56,39.1429
U0001,2025-01-19,WhatsApp,Social,52,2,7,75,1.8,1.41509,0.0921053,0.36,41.5714
U0001,2025-01-19,YouTube,Entertainment,35.9,1,4,75,3.4,2.03252,0.0526316,0.68,47.1429
U0001,2025-01-19,Instagram,Social,43.2,2,2,75,3.6,1.69683,0.0263158,0.72,52.7143
U0001,2025-01-19,Gmail,Productivity,116.7,3,1,75,4.8,0.637213,0.0131579,0.96,58.2857
U0001,2025-01-19,Chrome,Productivity,46.8,3,1,75,5,1.56904,0.0131579,1,63.8571
U0001,2025-01-19,Spotify,Entertainment,26.8,2,3,75,3.6,2.69784,0.0394737,0.72,69.4286
U0001,2025-01-20,WhatsApp,Social,53.6,6,4,236,3.3,4.32234,0.0168776,0.66,98
U0001,2025-01-20,Instagram,Social,36.2,6,7,236,1.4,6.34409,0.0295359,0.28,121
U0001,2025-01-20,Chrome,Productivity,31,1,1,236,4.8,7.375,0.00421941,0.96,144
U0001,2025-01-20,Spotify,Entertainment,6.3,1,3,236,3.9,32.3288,0.0126582,0.78,167
U0001,2025-01-20,YouTube,Entertainment,65.5,1,3,236,3,3.54887,0.0126582,0.6,190
U0001,2025-01-20,Gmail,Productivity,34.5,3,1,236,5,6.64789,0.00421941,1,213
U0001,2025-01-21,YouTube,Entertainment,30.7,0,3,159,2.6,5.01577,0.01875,0.52,225
U0001,2025-01-21,Gmail,Productivity,54.2,3,1,159,4,2.88043,0.00625,0.8,214
U0001,2025-01-21,Spotify,Entertainment,66.1,1,7,159,1.9,2.3696,0.04375,0.38,203
U0001,2025-01-21,Instagram,Social,34.5,3,2,159,4,4.47887,0.0125,0.8,192
U0001,2025-01-21,Chrome,Productivity,25.4,4,0,159,5,6.02273,0,1,181
U0001,2025-01-21,WhatsApp,Social,6.1,2,3,159,3.9,22.3944,0.01875,0.78,170
U0001,2025-01-22,Instagram,Social,10.3,7,2,127,3.7,11.2389,0.015625,0.74,154.429
U0001,2025-01-22,Chrome,Productivity,154.4,3,1,127,5,0.817246,0.0078125,1,149.857
U0001,2025-01-22,Spotify,Entertainment,69.7,1,2,127,4.3,1.79632,0.015625,0.86,145.286
U0001,2025-01-22,YouTube,Entertainment,22.1,1,1,127,5,5.49784,0.0078125,1,140.714
U0001,2025-01-22,Gmail,Productivity,10.2,2,3,127,3.8,11.3393,0.0234375,0.76,136.143
U0001,2025-01-22,WhatsApp,Social,111.9,5,3,127,4.3,1.12489,0.0234375,0.86,131.571
U0001,2025-01-23,Gmail,Productivity,113.6,2,5,161,3.5,1.40489,0.0308642,0.7,131.857
U0001,2025-01-23,Instagram,Social,46.1,5,2,161,4.9,3.41826,0.0123457,0.98,136.714
U0001,2025-01-23,Chrome,Productivity,17.7,3,2,161,4.1,8.60963,0.0123457,0.82,141.571
U0001,2025-01-23,Spotify,Entertainment,14.8,0,1,161,5,10.1899,0.00617284,1,146.429
U0001,2025-01-23,YouTube,Entertainment,31.1,0,0,161,5,5.01558,0,1,151.286
U0001,2025-01-23,WhatsApp,Social,51,7,6,161,3.7,3.09615,0.037037,0.74,156.143
U0001,2025-01-24,YouTube,Entertainment,17.2,4,1,65,4,3.57143,0.0151515,0.8,147.286
U0001,2025-01-24,Spotify,Entertainment,24.1,3,7,65,1.5,2.58964,0.106061,0.3,133.571
U0001,2025-01-24,Instagram,Social,28.4,3,5,65,2.5,2.21088,0.0757576,0.5,119.857
U0001,2025-01-24,Chrome,Productivity,89.8,1,4,65,3.5,0.715859,0.0606061,0.7,106.143
U0001,2025-01-24,Gmail,Productivity,31.7,4,2,65,4.8,1.98777,0.030303,0.96,92.4286
U0001,2025-01-24,WhatsApp,Social,20.2,5,3,65,4.1,3.06604,0.0454545,0.82,78.7143
U0001,2025-01-25,Instagram,Social,44.8,6,2,235,4.3,5.131,0.00847458,0.86,89.2857
U0001,2025-01-25,WhatsApp,Social,21.1,4,2,235,4.1,10.6335,0.00847458,0.82,113.571
U0001,2025-01-25,YouTube,Entertainment,27.8,0,5,235,2.9,8.15972,0.0211864,0.58,137.857
U0001,2025-01-25,Gmail,Productivity,39.7,2,2,235,4.7,5.77396,0.00847458,0.94,162.143
U0001,2025-01-25,Chrome,Productivity,28.8,1,1,235,4.4,7.88591,0.00423729,0.88,186.429
U0001,2025-01-25,Spotify,Entertainment,48.2,2,2,235,4.2,4.77642,0.00847458,0.84,210.714
U0001,2025-01-26,Gmail,Productivity,14.5,2,1,91,4.1,5.87097,0.0108696,0.82,214.429
U0001,2025-01-26,YouTube,Entertainment,7.5,0,2,91,5,10.7059,0.0217391,1,193.857
U0001,2025-01-26,WhatsApp,Social,38.4,9,1,91,5,2.30964,0.0108696,1,173.286
U0001,2025-01-26,Instagram,Social,32.8,4,5,91,3,2.69231,0.0543478,0.6,152.714
U0001,2025-01-26,Spotify,Entertainment,36.9,1,1,91,4.6,2.40106,0.0108696,0.92,132.143
U0001,2025-01-26,Chrome,Productivity,40.8,4,3,91,4.3,2.17703,0.0326087,0.86,111.571
U0001,2025-01-27,Instagram,Social,79.8,3,3,37,3.4,0.457921,0.0789474,0.68,83.2857
U0001,2025-01-27,Gmail,Productivity,121.5,2,1,37,4.9,0.302041,0.0263158,0.98,75.5714
U0001,2025-01-27,Chrome,Productivity,36.4,3,3,37,4.6,0.989305,0.0789474,0.92,67.8571
U0001,2025-01-27,Spotify,Entertainment,40.6,2,5,37,3,0.889423,0.131579,0.6,60.1429
U0001,2025-01-27,YouTube,Entertainment,101.9,2,3,37,4.7,0.359572,0.0789474,0.94,52.4286
U0001,2025-01-27,WhatsApp,Social,9.7,3,7,37,1.2,3.45794,0.184211,0.24,44.7143
U0001,2025-01-28,Gmail,Productivity,83,2,1,158,5,1.88095,0.00628931,1,54.2857
U0001,2025-01-28,YouTube,Entertainment,72.5,4,3,158,4.2,2.14966,0.0188679,0.84,71.5714
U0001,2025-01-28,Chrome,Productivity,13.2,2,2,158,3.4,11.1268,0.0125786,0.68,88.8571
U0001,2025-01-28,Spotify,Entertainment,167.4,0,2,158,4,0.938242,0.0125786,0.8,106.143
U0001,2025-01-28,WhatsApp,Social,56,1,1,158,4.2,2.77193,0.00628931,0.84,123.429
U0001,2025-01-28,Instagram,Social,61.2,8,5,158,3.2,2.54019,0.0314465,0.64,140.714
U0001,2025-01-29,Chrome,Productivity,49.7,3,3,142,3.6,2.80079,0.020979,0.72,155.714
U0001,2025-01-29,YouTube,Entertainment,30.5,0,0,142,4.4,4.50794,0,0.88,153.429
U0001,2025-01-29,Spotify,Entertainment,40.5,2,4,142,3.3,3.42169,0.027972,0.66,151.143
U0001,2025-01-29,Instagram,Social,22.9,8,4,142,3.3,5.94142,0.027972,0.66,148.857
U0001,2025-01-29,WhatsApp,Social,29.6,6,3,142,4.2,4.64052,0.020979,0.84,146.571
U0001,2025-01-29,Gmail,Productivity,29.6,1,4,142,3.4,4.64052,0.027972,0.68,144.286
U0001,2025-01-30,YouTube,Entertainment,23.3,2,5,277,2.9,11.3992,0.0179856,0.58,161.286
U0001,2025-01-30,Spotify,Entertainment,54.7,3,2,277,3.8,4.97307,0.00719424,0.76,180.571
U0001,2025-01-30,Gmail,Productivity,15.5,2,1,277,4.1,16.7879,0.00359712,0.82,199.857
U0001,2025-01-30,Chrome,Productivity,45.5,3,2,277,4.2,5.95699,0.00719424,0.84,219.143
U0001,2025-01-30,Instagram,Social,19,8,4,277,3.5,13.85,0.0143885,0.7,238.429
U0001,2025-01-30,WhatsApp,Social,36.7,4,3,277,4.4,7.34748,0.0107914,0.88,257.714
U0001,2025-01-31,Instagram,Social,8.7,7,6,226,2.7,23.299,0.0264317,0.54,269.714
U0001,2025-01-31,YouTube,Entertainment,29.2,1,2,226,3.9,7.48344,0.00881057,0.78,262.429
U0001,2025-01-31,WhatsApp,Social,49.2,8,0,226,5,4.50199,0,1,255.143
U0001,2025-01-31,Gmail,Productivity,73.1,1,4,226,3.7,3.04993,0.0176211,0.74,247.857
U0001,2025-01-31,Chrome,Productivity,88.5,1,5,226,4.3,2.52514,0.0220264,0.86,240.571
U0001,2025-01-31,Spotify,Entertainment,35,2,2,226,3.2,6.27778,0.00881057,0.64,233.286
U0001,2025-02-01,Gmail,Productivity,61.3,4,3,179,4.2,2.87319,0.0166667,0.84,219.286
U0001,2025-02-01,YouTube,Entertainment,58.7,0,1,179,4.1,2.99832,0.00555556,0.82,212.571
U0001,2025-02-01,Chrome,Productivity,52.2,0,2,179,4.6,3.36466,0.0111111,0.92,205.857
U0001,2025-02-01,Spotify,Entertainment,28.6,3,1,179,3.9,6.0473,0.00555556,0.78,199.143
U0001,2025-02-01,Instagram,Social,71.2,2,1,179,4.9,2.47922,0.00555556,0.98,192.429
U0001,2025-02-01,WhatsApp,Social,34.2,5,1,179,4.8,5.08523,0.00555556,0.96,185.714
U0001,2025-02-02,Gmail,Productivity,37.2,2,1,193,3.6,5.05236,0.00515464,0.72,181
U0001,2025-02-02,Instagram,Social,37.1,5,0,193,4.8,5.06562,0,0.96,183
U0001,2025-02-02,YouTube,Entertainment,77.8,1,2,193,5,2.44924,0.0103093,1,185
U0001,2025-02-02,Chrome,Productivity,102.8,4,3,193,3.6,1.85934,0.0154639,0.72,187
U0001,2025-02-02,Spotify,Entertainment,36.2,5,2,193,3,5.18817,0.0103093,0.6,189
U0001,2025-02-02,WhatsApp,Social,45.4,3,7,193,2.8,4.15948,0.0360825,0.56,191
U0001,2025-02-03,Chrome,Productivity,33.2,2,4,219,3.7,6.40351,0.0181818,0.74,196.714
U0001,2025-02-03,Instagram,Social,52.7,4,4,219,3.5,4.07821,0.0181818,0.7,200.429
U0001,2025-02-03,Gmail,Productivity,58,5,1,219,4.1,3.71186,0.00454545,0.82,204.143
U0001,2025-02-03,Spotify,Entertainment,29.6,4,1,219,5,7.15686,0.00454545,1,207.857
U0001,2025-02-03,WhatsApp,Social,62.7,7,2,219,4.4,3.43799,0.00909091,0.88,211.571
U0001,2025-02-03,YouTube,Entertainment,49.3,1,3,219,4.3,4.35388,0.0136364,0.86,215.286
U0001,2025-02-04,Gmail,Productivity,23,0,4,242,3.2,10.0833,0.0164609,0.64,222.286
U0001,2025-02-04,YouTube,Entertainment,145.1,0,1,242,3.9,1.6564,0.00411523,0.78,225.571
U0001,2025-02-04,Chrome,Productivity,57.5,4,1,242,5,4.13675,0.00411523,1,228.857
U0001,2025-02-04,WhatsApp,Social,35.8,4,4,242,3.4,6.57609,0.0164609,0.68,232.143
U0001,2025-02-04,Instagram,Social,28.6,5,4,242,3.7,8.17568,0.0164609,0.74,235.429
U0001,2025-02-04,Spotify,Entertainment,44.2,0,3,242,4,5.35398,0.0123457,0.8,238.714
U0001,2025-02-05,YouTube,Entertainment,15.8,2,2,230,3.8,13.6905,0.00865801,0.76,240.286
U0001,2025-02-05,Instagram,Social,40.3,5,3,230,4,5.56901,0.012987,0.8,238.571
U0001,2025-02-05,Chrome,Productivity,46.3,1,4,230,3.6,4.86258,0.017316,0.72,236.857
U0001,2025-02-05,Gmail,Productivity,35.9,6,2,230,4.5,6.23306,0.00865801,0.9,235.143
U0001,2025-02-05,Spotify,Entertainment,42.5,3,3,230,5,5.28736,0.012987,1,233.429
U0001,2025-02-05,WhatsApp,Social,35.4,5,5,230,3.5,6.31868,0.021645,0.7,231.714
U0001,2025-02-06,YouTube,Entertainment,29.4,3,6,218,3,7.17105,0.0273973,0.6,228.286
U0001,2025-02-06,Spotify,Entertainment,20.1,4,4,218,3,10.3318,0.0182648,0.6,226.571
U0001,2025-02-06,Gmail,Productivity,97,3,1,218,3.9,2.22449,0.00456621,0.78,224.857
U0001,2025-02-06,Instagram,Social,42.8,5,3,218,3.6,4.97717,0.0136986,0.72,223.143
U0001,2025-02-06,Chrome,Productivity,31.1,2,1,218,4.5,6.79128,0.00456621,0.9,221.429
U0001,2025-02-06,WhatsApp,Social,23.4,3,4,218,3.4,8.93443,0.0182648,0.68,219.714
U0001,2025-02-07,Chrome,Productivity,46.7,1,2,189,3.9,3.96226,0.0105263,0.78,213.857
U0001,2025-02-07,WhatsApp,Social,31.9,9,3,189,4.2,5.74468,0.0157895,0.84,209.714
U0001,2025-02-07,Instagram,Social,3.4,3,3,189,4.7,42.9545,0.0157895,0.94,205.571
U0001,2025-02-07,YouTube,Entertainment,20.7,0,5,189,3.5,8.70968,0.0263158,0.7,201.429
U0001,2025-02-07,Spotify,Entertainment,32.7,2,3,189,4.3,5.60831,0.0157895,0.86,197.286
U0001,2025-02-07,Gmail,Productivity,34.9,0,2,189,4.1,5.26462,0.0105263,0.82,193.143
U0001,2025-02-08,Chrome,Productivity,20.2,2,0,258,5,12.1698,0,1,198.857
U0001,2025-02-08,Instagram,Social,53.7,7,1,258,5,4.71664,0.003861,1,208.714
U0001,2025-02-08,Gmail,Productivity,63.2,1,3,258,4.3,4.01869,0.011583,0.86,218.571
U0001,2025-02-08,WhatsApp,Social,20,2,1,258,4.5,12.2857,0.003861,0.9,228.429
U0001,2025-02-08,Spotify,Entertainment,42.1,3,3,258,4.1,5.98608,0.011583,0.82,238.286
U0001,2025-02-08,YouTube,Entertainment,71.8,3,3,258,3.8,3.54396,0.011583,0.76,248.143
U0001,2025-02-09,YouTube,Entertainment,49.1,3,5,164,2.2,3.27345,0.030303,0.44,244.571
U0001,2025-02-09,WhatsApp,Social,44,7,5,164,3.2,3.64444,0.030303,0.64,231.143
U0001,2025-02-09,Spotify,Entertainment,41.7,1,4,164,4,3.84075,0.0242424,0.8,217.714
U0001,2025-02-09,Instagram,Social,14.5,6,5,164,3.4,10.5806,0.030303,0.68,204.286
U0001,2025-02-09,Gmail,Productivity,42.5,2,3,164,4.9,3.77011,0.0181818,0.98,190.857
U0001,2025-02-09,Chrome,Productivity,10.2,6,2,164,3.8,14.6429,0.0121212,0.76,177.429
U0001,2025-02-10,Spotify,Entertainment,59.3,2,3,183,4.1,3.03483,0.0163043,0.82,166.714
U0001,2025-02-10,Gmail,Productivity,8.8,1,7,183,1.8,18.6735,0.0380435,0.36,169.429
U0001,2025-02-10,Chrome,Productivity,70.7,2,4,183,2.7,2.5523,0.0217391,0.54,172.143
U0001,2025-02-10,Instagram,Social,23.4,8,8,183,2.5,7.5,0.0434783,0.5,174.857
U0001,2025-02-10,YouTube,Entertainment,30.5,2,2,183,4.4,5.80952,0.0108696,0.88,177.571
U0001,2025-02-10,WhatsApp,Social,249.2,2,1,183,3.9,0.731415,0.00543478,0.78,180.286
U0001,2025-02-11,WhatsApp,Social,26.9,3,2,70,4.3,2.50896,0.028169,0.86,166.857
U0001,2025-02-11,Gmail,Productivity,47.4,2,3,70,2.9,1.44628,0.0422535,0.58,150.714
U0001,2025-02-11,Instagram,Social,69.2,5,1,70,3.8,0.997151,0.0140845,0.76,134.571
U0001,2025-02-11,YouTube,Entertainment,75.6,3,4,70,3.8,0.913838,0.056338,0.76,118.429
U0001,2025-02-11,Chrome,Productivity,28.1,3,4,70,2.9,2.4055,0.056338,0.58,102.286
U0001,2025-02-11,Spotify,Entertainment,14.1,1,3,70,3.6,4.63576,0.0422535,0.72,86.1429
U0001,2025-02-12,WhatsApp,Social,12.2,7,3,270,3.6,20.4545,0.0110701,0.72,98.5714
U0001,2025-02-12,Spotify,Entertainment,33.3,1,4,270,3.5,7.87172,0.0147601,0.7,127.143
U0001,2025-02-12,Chrome,Productivity,18.1,2,4,270,2.9,14.1361,0.0147601,0.58,155.714
U0001,2025-02-12,YouTube,Entertainment,64.8,1,3,270,3.8,4.10334,0.0110701,0.76,184.286
U0001,2025-02-12,Gmail,Productivity,29.4,1,5,270,2.1,8.88158,0.0184502,0.42,212.857
U0001,2025-02-12,Instagram,Social,132.6,11,5,270,4.6,2.02096,0.0184502,0.92,241.429
U0001,2025-02-13,Spotify,Entertainment,65.6,1,4,157,2.6,2.35736,0.0253165,0.52,253.857
U0001,2025-02-13,WhatsApp,Social,21.5,3,2,157,3.7,6.97778,0.0126582,0.74,237.714
U0001,2025-02-13,Gmail,Productivity,113.1,1,4,157,3.8,1.37599,0.0253165,0.76,221.571
U0001,2025-02-13,Instagram,Social,32.3,4,2,157,4.3,4.71471,0.0126582,0.86,205.429
U0001,2025-02-13,YouTube,Entertainment,104.9,2,2,157,3.9,1.48253,0.0126582,0.78,189.286
U0001,2025-02-13,Chrome,Productivity,113.6,1,5,157,3.7,1.36998,0.0316456,0.74,173.143
U0001,2025-02-14,YouTube,Entertainment,130.8,1,1,266,4.9,2.01821,0.00374532,0.98,172.571
U0001,2025-02-14,Spotify,Entertainment,55.6,3,3,266,3.6,4.69965,0.011236,0.72,188.143
U0001,2025-02-14,Instagram,Social,100.3,5,6,266,2.9,2.62586,0.0224719,0.58,203.714
U0001,2025-02-14,Gmail,Productivity,26.2,0,2,266,3.7,9.77941,0.00749064,0.74,219.286
U0001,2025-02-14,WhatsApp,Social,20.5,7,3,266,2.9,12.3721,0.011236,0.58,234.857
U0001,2025-02-14,Chrome,Productivity,32.7,5,6,266,3.3,7.89318,0.0224719,0.66,250.429
U0001,2025-02-15,Gmail,Productivity,22.5,5,3,162,3.2,6.89362,0.0184049,0.64,251.143
U0001,2025-02-15,YouTube,Entertainment,30.4,3,3,162,4.1,5.15924,0.0184049,0.82,236.286
U0001,2025-02-15,Instagram,Social,73.7,2,4,162,3.9,2.16867,0.0245399,0.78,221.429
U0001,2025-02-15,WhatsApp,Social,30.8,5,3,162,4.3,5.09434,0.0184049,0.86,206.571
U0001,2025-02-15,Spotify,Entertainment,85.3,1,1,162,5,1.87717,0.00613497,1,191.714
U0001,2025-02-15,Chrome,Productivity,37.1,4,5,162,1.8,4.25197,0.0306748,0.36,176.857
U0001,2025-02-16,Gmail,Productivity,89.1,3,2,170,4,1.88679,0.0116959,0.8,163.143
U0001,2025-02-16,Spotify,Entertainment,35.7,1,1,170,5,4.63215,0.00584795,1,164.286
U0001,2025-02-16,Chrome,Productivity,36.7,3,4,170,4.1,4.50928,0.0233918,0.82,165.429
U0001,2025-02-16,WhatsApp,Social,134.7,1,6,170,3.1,1.25276,0.0350877,0.62,166.571
U0001,2025-02-16,YouTube,Entertainment,73.8,2,2,170,4.1,2.27273,0.0116959,0.82,167.714
U0001,2025-02-16,Instagram,Social,53.7,3,2,170,4.7,3.10786,0.0116959,0.94,168.857
U0001,2025-02-17,Instagram,Social,13.1,7,1,91,3.9,6.4539,0.0108696,0.78,158.714
U0001,2025-02-17,WhatsApp,Social,66.1,4,6,91,2.1,1.35618,0.0652174,0.42,147.429
U0001,2025-02-17,Gmail,Productivity,60.8,4,2,91,4.7,1.47249,0.0217391,0.94,136.143
U0001,2025-02-17,YouTube,Entertainment,10.5,2,1,91,5,7.91304,0.0108696,1,124.857
U0001,2025-02-17,Chrome,Productivity,111.8,1,7,91,1.9,0.806738,0.076087,0.38,113.571
U0001,2025-02-17,Spotify,Entertainment,6.5,4,4,91,3.7,12.1333,0.0434783,0.74,102.286
U0001,2025-02-18,Instagram,Social,37.6,4,6,108,3,2.79793,0.0550459,0.6,93.4286
U0001,2025-02-18,WhatsApp,Social,28,3,3,108,4,3.72414,0.0275229,0.8,95.8571
U0001,2025-02-18,Spotify,Entertainment,6.3,6,5,108,4,14.7945,0.0458716,0.8,98.2857
U0001,2025-02-18,Chrome,Productivity,84,6,3,108,4,1.27059,0.0275229,0.8,100.714
U0001,2025-02-18,YouTube,Entertainment,64,2,2,108,4.8,1.66154,0.0183486,0.96,103.143
U0001,2025-02-18,Gmail,Productivity,43.4,2,3,108,4.8,2.43243,0.0275229,0.96,105.571
U0001,2025-02-19,Gmail,Productivity,61.4,0,3,122,3.2,1.95513,0.0243902,0.64,110
U0001,2025-02-19,Chrome,Productivity,19.7,3,3,122,3.6,5.89372,0.0243902,0.72,112
U0001,2025-02-19,WhatsApp,Social,48.8,9,2,122,4.5,2.4498,0.0162602,0.9,114
U0001,2025-02-19,Spotify,Entertainment,65.7,2,1,122,5,1.82909,0.00813008,1,116
U0001,2025-02-19,Instagram,Social,29.5,2,2,122,4.5,4,0.0162602,0.9,118
U0001,2025-02-19,YouTube,Entertainment,51.7,5,2,122,4,2.31499,0.0162602,0.8,120
